plan_id,tradefl_score,peak_memory_bytes,communication_to_target_bytes,validation_utility,feasible
federated_distillation,0.2691080194977175,1400000000.0,200000000.0,0.8329999999999999,True
full_finetuning,0.6546858189577723,7500000000.0,2520000000.0,0.8329999999999999,True
lora_rank_16,0.3161495455137313,3680000000.0,381333333.3333333,0.8303333333333334,True
lora_rank_8,0.2996114511461981,3440000000.0,264000000.0,0.811,True
qlora_4bit_rank_8,0.2819032640591342,2044000000.0,281600000.0,0.8332,True
splitfed_layer_8,0.4380864959843842,3240000000.0,940000000.0,0.828,True
splitfed_layer_8_activation_compression,0.40283649597733423,3240000000.0,517000000.0,0.828,True
